,bench_name,digitizer_id,files_ids,hole_id,hole_name,pattern_name,rig_id,sensor_id,start_time_max,start_time_min
0,894,6172,429,18222,18222,NS93_14,33,6172,1554963497,1554962788
1,868,6674,507,11668,11668,NS93_61,34,6674,1554567187,1554565891
2,868,S1026,217,12863,12863,NS93_63,34,PR001,1554745821,1554745194
3,894,6172,"397,402",18916,18916,NS93_14,33,6172,1555099611,1555097812
4,894,6172,436,17925,17925,NS93_14,33,6172,1555152086,1555151796
5,894,6172,"330,391",18521,18521,NS93_14,33,6172,1555023630,1555022487
6,886,S1027,"131,170",10112,10112,NN93_12,33,PR005,1554703880,1554702990
7,886,S1027,"149,166",10614,10614,NN93_12,33,PR005,1554484887,1554483051
8,886,S1027,"131,161",9813,9813,NN93_12,33,PR005,1554707585,1554705974
9,868,6243,603,2278,2278,NS93_63,34,6243,1555023914,1555023151
10,868,S1030,252,12461,12461,NS93_63,34,PR001,1555108782,1555107548
11,886,S1027,136,9418,9418,NN93_12,33,PR005,1554587101,1554585816
12,868,6674,532,13269,13269,NS93_63,34,6674,1554707515,1554706616
13,868,S1030,285,1138,1138,NS93_63,34,PR001,1555032106,1555031368
14,868,S1026,179,12765,12765,NS93_63,34,PR001,1554764374,1554763783
15,894,S1021,"85,94,99",18318,18318,NS93_14,33,PR005,1554984166,1554978481
16,886,S1027,154,10414,10414,NN93_12,33,PR005,1554520719,1554520152
17,868,S1026,"209,214",13167,13167,NS93_63,34,PR001,1554711096,1554709760
18,885,S1027,"2,40",9614,9614,NS92_82,33,DIFF017,1554711085,1554324589
19,868,S1026,"187,198",13370R,13370R,NS93_63,34,PR001,1554696943,1554694888
20,868,S1030,257,12074,12074,NS93_63,34,PR001,1555170834,1555169840
21,885,6172,"45,365",9314,9314,NS92_82,33,6172,1554232075,1554230753
22,868,6243,604,12172,12172,NS93_63,34,6243,1555131699,1555130872
23,885,S1027,"8,12",9412,9412,NS92_82,33,DIFF017,1554286519,1554285157
24,868,S1026,228,13267,13267,NS93_63,34,PR001,1554704527,1554703518
25,868,S1026,210,11180,11180,NS93_61,34,PR001,1554626479,1554625313
26,885,S1027,19,9207,9207,NS92_82,33,DIFF017,1554252656,1554251624
27,868,S1026,179,12767,12767,NS93_63,34,PR001,1554762058,1554761306
28,868,S1030,"286,293",12265,12265,NS93_63,34,PR001,1555067471,1555065554
29,868,6674,580,12665,12665,NS93_63,34,6674,1554768561,1554768021
30,868,6243,646,10979,10979,NS93_61,34,6243,1554302726,1554301809
31,868,S1030,289,1137,1137,NS93_63,34,PR001,1555022800,1555021968
32,868,6243,643,12563,12563,NS93_63,34,6243,1555061397,1555060994
33,885,S1027,"12,18",9506,9506,NS92_82,33,DIFF017,1554289342,1554288464
34,868,6674,561,13163,13163,NS93_63,34,6674,1554887521,1554886533
35,868,6243,626,12461,12461,NS93_63,34,6243,1555108782,1555107548
36,868,S1026,195,1133,1133,NS93_63,34,PR001,1554784238,1554783116
37,894,6172,347,18425T,18425T,NS93_14,33,6172,1554997953,1554995089
38,868,S1030,275,1136,1136,NS93_63,34,PR001,1555019250,1555018506
39,868,6243,653,12860,12860,NS93_63,34,6243,1555056892,1555056247
40,868,S1026,212,12968,12968,NS93_63,34,PR001,1554738370,1554737150
41,868,6243,609,11173,11173,NS93_61,34,6243,1554406397,1554405432
42,868,S1030,"274,276",12286,12286,NS93_63,34,PR001,1555009890,1555008624
43,894,S1021,100,18026,18026,NS93_14,33,PR005,1554933572,1554932908
44,868,6243,"664,665",11081T,11081T,NS93_61,34,6243,1554273056,1554270129
45,868,6674,513,12870,12870,NS93_63,34,6674,1554757515,1554756723
46,868,6674,517,12769,12769,NS93_63,34,6674,1554759855,1554758886
47,868,6674,"469,527",374R,374R,NS93_63,34,6674,1554772950,1554772095
48,868,6674,"490,601",12864,12864,NS93_63,34,6674,1554749034,1554746092
49,868,6674,557,2273,2273,NS93_63,34,6674,1554813881,1554812707
50,894,6172,436,17927,17927,NS93_14,33,6172,1555151040,1555150414
51,868,S1026,"188,210",11179,11179,NS93_61,34,PR001,1554627843,1554626830
52,868,6674,578,13167,13167,NS93_63,34,6674,1554711096,1554709760
53,868,S1026,"208,209",13168,13168,NS93_63,34,PR001,1554714751,1554713544
54,894,6172,"440,457",17827T,17827T,NS93_14,33,6172,1555174828,1555173700
55,868,S1026,212,12969,12969,NS93_63,34,PR001,1554736885,1554735643
56,894,S1021,84,18222,18222,NS93_14,33,PR005,1554963497,1554962788
57,868,6243,704,11176,11176,NS93_61,34,6243,1554362945,1554362271
58,894,S1021,"58,79",18519,18519,NS93_14,33,PR005,1555028031,1555026526
59,894,6172,"366,444",17920,17920,NS93_14,33,6172,1555157417,1555156043
60,868,6243,624,378,378,NS93_63,34,6243,1555020341,1555019636
61,868,S1026,"180,235",12865,12865,NS93_63,34,PR001,1554750073,1554749413
62,868,S1030,277,13061,13061,NS93_63,34,PR001,1555041204,1555040836
63,868,S1026,219,11679,11679,NS93_61,34,PR001,1554648849,1554647767
64,894,6172,350,18027,18027,NS93_14,33,6172,1554932670,1554931427
65,868,S1026,"215,226",1126,1126,NS93_63,34,PR001,1554674770,1554674084
66,885,6172,423,9308,9308,NS92_82,33,6172,1554266145,1554265159
67,894,S1021,87,18120,18120,NS93_14,33,PR005,1554954472,1554952934
68,886,S1027,108,10512,10512,NN93_12,33,PR005,1554601542,1554600503
69,868,6243,669,11269,11269,NS93_61,34,6243,1554467808,1554466911
70,894,S1021,64,18720,18720,NS93_14,33,PR005,1555051548,1555050482
71,868,S1026,"191,223",13264,13264,NS93_63,34,PR001,1554808279,1554807132
72,868,6243,623,12285,12285,NS93_63,34,6243,1555008278,1555007256
73,868,S1026,193,1134,1134,NS93_63,34,PR001,1554779950,1554778895
74,894,S1021,"60,65",18420T,18420T,NS93_14,33,PR005,1555011304,1555008769
75,894,S1021,"65,70",18421T,18421T,NS93_14,33,PR005,1555005721,1555003997
76,868,6674,497,2266R,2266R,NS93_63,34,6674,1554685612,1554684569
77,868,6674,"470,566",13469,13469,NS93_63,34,6674,1554694423,1554693199
78,868,S1026,226,355R,355R,NS93_63,34,PR001,1554675757,1554675007
79,868,S1026,202,13065,13065,NS93_63,34,PR001,1554723418,1554722152
80,886,S1027,"107,147",9617,9617,NN93_12,33,PR005,1554571632,1554246413
81,894,6172,"327,359",18820,18820,NS93_14,33,6172,1555063762,1555062572
82,868,S1030,"257,268",12072,12072,NS93_63,34,PR001,1555168152,1555167164
83,868,S1026,176,13069,13069,NS93_63,34,PR001,1554730109,1554728719
84,868,6674,"482,523",13170R,13170R,NS93_63,34,6674,1554720029,1554716490
85,894,6172,411,18120,18120,NS93_14,33,6172,1554954472,1554952934
86,885,S1027,10,9512,9512,NS92_82,33,DIFF017,1554302556,1554301339
87,894,S1021,"73,75",18621,18621,NS93_14,33,PR005,1555038510,1555037977
88,868,S1030,294,1139,1139,NS93_63,34,PR001,1555036263,1555035845
89,885,S1027,24,9514,9514,NS92_82,33,DIFF017,1554842555,1554304347
90,868,S1030,281,12663,12663,NS93_63,34,PR001,1555051064,1555050696
91,868,S1026,"176,216",13068,13068,NS93_63,34,PR001,1554728444,1554727201
92,868,S1026,233,373R,373R,NS93_63,34,PR001,1554778564,1554777366
93,885,6172,49,9612T,9612T,NS92_82,33,6172,1554320989,1554318439
94,894,S1021,75,18622,18622,NS93_14,33,PR005,1555037749,1555037343
95,868,6674,586,12465,12465,NS93_63,34,6674,1554927125,1554926247
96,885,6172,"42,316",9513,9513,NS92_82,33,6172,1554880428,1554302819
97,868,S1026,232,11677,11677,NS93_61,34,PR001,1554660698,1554660165
98,885,S1027,"5,23",9515,9515,NS92_82,33,DIFF017,1554714593,1554245367
99,868,6674,579,13066,13066,NS93_63,34,6674,1554725093,1554723774
100,868,S1030,"261,267",12166,12166,NS93_63,34,PR001,1555124831,1555123982
101,868,S1026,201,13266,13266,NS93_63,34,PR001,1554793190,1554792083
102,868,6674,570,13068,13068,NS93_63,34,6674,1554728444,1554727201
103,868,6674,"497,508",2268,2268,NS93_63,34,6674,1554682916,1554682111
104,886,6172,336,3197C,3197C,NN93_12,33,6172,1554438585,1554437740
105,868,S1026,"206,208",13170R,13170R,NS93_63,34,PR001,1554720029,1554716490
106,894,6172,391,18522,18522,NS93_14,33,6172,1555022235,1555021612
107,868,6674,532,13268,13268,NS93_63,34,6674,1554706130,1554704859
108,885,6172,45,9216,9216,NS92_82,33,6172,1554738624,1554229498
109,894,6172,453,18917,18917,NS93_14,33,6172,1555083935,1555081904
110,894,S1021,"87,88",18119,18119,NS93_14,33,PR005,1554956140,1554954719
111,868,6674,499,10883,10883,NS93_61,34,6674,1554616213,1554614492
112,868,S1030,288,380,380,NS93_63,34,PR001,1555026115,1555025349
113,868,6243,626,12362,12362,NS93_63,34,6243,1555109996,1555109146
114,894,S1021,96,18126,18126,NS93_14,33,PR005,1554943990,1554943766
115,868,S1030,254,12066T,12066T,NS93_63,34,PR001,1555152721,1555149914
116,868,6674,591,12966,12966,NS93_63,34,6674,1554742625,1554741482
117,886,6172,"43,369",3201C,3201C,NN93_12,33,6172,1554449196,1554447655
118,868,6243,679,12063,12063,NS93_63,34,6243,1555138166,1555136997
119,885,S1027,"3,35",9315,9315,NS92_82,33,DIFF017,1554235244,1554234521
120,868,6674,531,371R,371R,NS93_63,34,6674,1554782886,1554781770
121,894,S1021,56,18522,18522,NS93_14,33,PR005,1555022235,1555021612
122,868,S1026,180,12867,12867,NS93_63,34,PR001,1554752478,1554751332
123,886,S1027,106,9917,9917,NN93_12,33,PR005,1554526066,1554525739
124,894,6172,405,18224,18224,NS93_14,33,6172,1554961769,1554961365
125,885,S1027,"8,37",9410,9410,NS92_82,33,DIFF017,1554283405,1554281917
126,894,6172,462,17816,17816,NS93_14,33,6172,1555202530,1555200710
127,894,S1021,"84,97",18223,18223,NS93_14,33,PR005,1554962488,1554961983
128,868,S1026,"197,225",12870,12870,NS93_63,34,PR001,1554757515,1554756723
129,868,6674,476,12963,12963,NS93_63,34,6674,1554891522,1554890499
130,894,S1021,74,18921,18921,NS93_14,33,PR005,1555070302,1555069702
131,868,6674,492,12968,12968,NS93_63,34,6674,1554738370,1554737150
132,868,6674,575,12266,12266,NS93_63,34,6674,1554869680,1554868413
133,868,S1026,229,374R,374R,NS93_63,34,PR001,1554772950,1554772095
134,886,6673,304,10714,10714,NN93_12,33,6673,1554482654,1554480875
135,868,6243,"702,713",11570,11570,NS93_61,34,6243,1554447289,1554446125
136,868,6674,"495,531",1133,1133,NS93_63,34,6674,1554784238,1554783116
137,868,6674,589,11877,11877,NS93_61,34,6674,1554663162,1554662085
138,868,S1026,"205,220",11778,11778,NS93_61,34,PR001,1554657061,1554655951
139,894,6172,"353,375,462",17817T,17817T,NS93_14,33,6172,1555199858,1555195709
140,885,6172,320,9413,9413,NS92_82,33,6172,1554882184,1554286750
141,894,S1021,"88,97",18118,18118,NS93_14,33,PR005,1554958800,1554956417
142,885,6172,437,9318,9318,NS92_82,33,6172,1554236675,1554235619
143,868,6674,478,11181,11181,NS93_61,34,6674,1554631145,1554629677
144,886,S1021,"95,100",401,401,NN93_12,33,PR005,1554930761,1554929386
145,894,6172,371,18124,18124,NS93_14,33,6172,1554949490,1554948403
146,868,6674,"471,481",13165,13165,NS93_63,34,6674,1554802059,1554800772
147,894,6172,"407,414",18921,18921,NS93_14,33,6172,1555070302,1555069702
148,886,S1027,133,9219,9219,NN93_12,33,PR005,1554594858,1554592961
149,868,6243,653,12859,12859,NS93_63,34,6243,1555055928,1555054502
150,894,6172,"358,364",18421T,18421T,NS93_14,33,6172,1555005721,1555003997
151,868,S1026,211,1125R,1125R,NS93_63,34,PR001,1554679385,1554678578
152,885,6172,"320,408",9412,9412,NS92_82,33,6172,1554286519,1554285157
153,868,6674,522,12571,12571,NS93_63,34,6674,1554923496,1554922679
154,868,6674,568,2277,2277,NS93_63,34,6674,1554882650,1554881645
155,868,6674,490,12866,12866,NS93_63,34,6674,1554751055,1554750325
156,894,6172,436,17924,17924,NS93_14,33,6172,1555152550,1555152307
157,894,6172,"364,398",18422,18422,NS93_14,33,6172,1555002184,1555001303
158,868,6674,"521,552",12567,12567,NS93_63,34,6674,1554909992,1554908917
159,894,6172,414,18817,18817,NS93_14,33,6172,1555068658,1555067219
160,868,6243,"674,693",10575,10575,NS93_61,34,6243,1554371615,1554370534
161,894,6172,371,18123,18123,NS93_14,33,6172,1554950582,1554949729
162,885,6172,385,9312,9312,NS92_82,33,6172,1554271376,1554270214
163,886,S1027,"118,139",10909,10909,NN93_12,33,PR005,1554541949,1554540123
164,885,6172,47,9608,9608,NS92_82,33,6172,1554313858,1554312659
165,868,S1030,"293,295",12464,12464,NS93_63,34,PR001,1555063298,1555061666
166,868,S1026,191,2273,2273,NS93_63,34,PR001,1554813881,1554812707
167,868,6674,"516,533",355R,355R,NS93_63,34,6674,1554675757,1554675007
168,886,S1027,121,9118,9118,NN93_12,33,PR005,1554734558,1554733025
169,868,6243,678,385,385,NS93_63,34,6243,1555038419,1555037798
170,868,6674,"507,518",11768T,11768T,NS93_61,34,6674,1554570141,1554567458
171,886,S1027,110,10412,10412,NN93_12,33,PR005,1554605500,1554603149
172,868,S1026,"198,204",13468,13468,NS93_63,34,PR001,1554692831,1554691997
173,894,6172,"362,419",18417,18417,NS93_14,33,6172,1555018501,1555015646
174,868,6674,481,2271,2271,NS93_63,34,6674,1554803831,1554802523
175,868,6674,"505,537",11579,11579,NS93_61,34,6674,1554647257,1554646032
176,868,6243,"629,666",11078T,11078T,NS93_61,34,6243,1554318158,1554315755
177,885,S1027,"11,17",9407,9407,NS92_82,33,DIFF017,1554275511,1554274410
178,868,S1030,266,12064,12064,NS93_63,34,PR001,1555140247,1555139442
179,886,S1027,154,10315,10315,NN93_12,33,PR005,1554522891,1554520968
180,868,6674,500,12867,12867,NS93_63,34,6674,1554752478,1554751332
181,868,6243,663,12662,12662,NS93_63,34,6243,1555059792,1555059097
182,868,6674,586,12572,12572,NS93_63,34,6674,1554925426,1554924644
183,868,6243,"604,668",12173,12173,NS93_63,34,6243,1555133379,1555132469
184,868,6243,638,10673,10673,NS93_61,34,6243,1554396092,1554395197
185,868,S1026,226,354R,354R,NS93_63,34,PR001,1554676711,1554676013
186,868,S1030,295,12563,12563,NS93_63,34,PR001,1555061397,1555060994
187,868,S1026,188,11181,11181,NS93_61,34,PR001,1554631145,1554629677
188,868,6674,470,13467,13467,NS93_63,34,6674,1554691613,1554690585
189,885,S1027,37,9518B,9518B,NS92_82,33,DIFF017,1554280403,1554279377
190,868,6243,611,380,380,NS93_63,34,6243,1555026115,1555025349
191,868,6243,655,10871,10871,NS93_61,34,6243,1554431161,1554430110
192,868,6243,657,12264,12264,NS93_63,34,6243,1555106915,1555106115
193,868,6243,712,10877,10877,NS93_61,34,6243,1554332844,1554331866
194,868,6674,499,10980,10980,NS93_61,34,6674,1554617830,1554616657
195,894,6172,"349,443",18218,18218,NS93_14,33,6172,1554971295,1554968346
196,868,S1026,198,13469,13469,NS93_63,34,PR001,1554694423,1554693199
197,868,S1030,281,12762,12762,NS93_63,34,PR001,1555050306,1555049933
198,868,S1030,268,12071,12071,NS93_63,34,PR001,1555166917,1555165921
199,894,6172,402,18816,18816,NS93_14,33,6172,1555101977,1555099934
200,868,6243,"604,662",12170,12170,NS93_63,34,6243,1555129584,1555128830
201,885,S1027,"20,28",9310,9310,NS92_82,33,DIFF017,1554268380,1554267453
202,868,6243,663,12760,12760,NS93_63,34,6243,1555058050,1555057269
203,868,6674,"532,544",13267,13267,NS93_63,34,6674,1554704527,1554703518
204,894,S1021,64,18721,18721,NS93_14,33,PR005,1555050222,1555049091
205,868,S1026,191,13164,13164,NS93_63,34,PR001,1554809673,1554808535
206,886,S1027,168,9718,9718,NN93_12,33,PR005,1554528536,1554527585
207,894,6172,"314,372",18317,18317,NS93_14,33,6172,1554978180,1554973936
208,894,6172,464,18721,18721,NS93_14,33,6172,1555050222,1555049091
209,894,6172,406,17728,17728,NS93_14,33,6172,1555213936,1555213332
210,885,S1027,18,9508,9508,NS92_82,33,DIFF017,1554291732,1554290885
211,868,S1026,"183,232",11776,11776,NS93_61,34,PR001,1554663929,1554663480
212,894,6172,424,19024,19024,NS93_14,33,6172,1555209958,1555208056
213,894,6172,"409,436",17928,17928,NS93_14,33,6172,1555150191,1555148942
214,868,S1026,"184,189",2266R,2266R,NS93_63,34,PR001,1554685612,1554684569
215,886,S1027,"101,121",9217,9217,NN93_12,33,PR005,1554732515,1554730737
216,868,6243,606,12660,12660,NS93_63,34,6243,1555070150,1555069775
217,868,6674,588,13364,13364,NS93_63,34,6674,1554806887,1554805692
218,868,6243,672,11477,11477,NS93_61,34,6243,1554341570,1554340759
219,894,S1021,73,18619,18619,NS93_14,33,PR005,1555041181,1555040117
220,894,S1021,90,18023,18023,NS93_14,33,PR005,1554936580,1554935790
221,885,S1027,16,9415,9415,NS92_82,33,DIFF017,1554716271,1554239983
222,885,S1027,"9,24",9606,9606,NS92_82,33,DIFF017,1554308091,1554306913
223,894,6172,327,18821,18821,NS93_14,33,6172,1555062335,1555061103
224,894,S1021,71,18418,18418,NS93_14,33,PR005,1555015377,1555013576
225,885,S1027,"10,24",9513,9513,NS92_82,33,DIFF017,1554880428,1554302819
226,868,6674,"492,498",12969,12969,NS93_63,34,6674,1554736885,1554735643
227,885,6172,437,9417,9417,NS92_82,33,6172,1554651887,1554236964
228,894,S1021,"60,71",18419,18419,NS93_14,33,PR005,1555013320,1555011622
229,894,6172,308,18325,18325,NS93_14,33,6172,1554991599,1554991195
230,868,6674,508,2270,2270,NS93_63,34,6674,1554680765,1554679835
231,868,S1030,259,12170,12170,NS93_63,34,PR001,1555129584,1555128830
232,868,S1026,199,10881,10881,NS93_61,34,PR001,1554612575,1554611289
233,868,6674,"498,558",13070R,13070R,NS93_63,34,6674,1554734086,1554732564
234,868,S1026,214,13166,13166,NS93_63,34,PR001,1554709153,1554708047
235,894,6172,344,17726,17726,NS93_14,33,6172,1555215637,1555214958
236,894,6172,428,18321,18321,NS93_14,33,6172,1554990374,1554988090
237,894,S1021,93,18122,18122,NS93_14,33,PR005,1554951441,1554950844
238,885,S1027,"20,26",9307,9307,NS92_82,33,DIFF017,1554264841,1554263935
239,868,6243,"609,709",11273,11273,NS93_61,34,6243,1554407677,1554406733
240,868,6243,697,12265,12265,NS93_63,34,6243,1555067471,1555065554
241,868,6243,603,1137,1137,NS93_63,34,6243,1555022800,1555021968
242,886,S1027,125,9316T,9316T,NN93_12,33,PR005,1554741839,1554741166
243,868,S1026,191,2274,2274,NS93_63,34,PR001,1554815454,1554814229
244,886,S1027,131,10012,10012,NN93_12,33,PR005,1554704877,1554704164
245,868,6243,650,10576,10576,NS93_61,34,6243,1554348323,1554347384
246,868,6243,"631,679",12064,12064,NS93_63,34,6243,1555140247,1555139442
247,885,6172,"49,50",9613T,9613T,NS92_82,33,6172,1554324085,1554321930
248,868,S1030,257,12073,12073,NS93_63,34,PR001,1555169572,1555168574
249,868,6243,"642,681",10870,10870,NS93_61,34,6243,1554436561,1554435708
250,894,S1021,"68,77",18919,18919,NS93_14,33,PR005,1555079061,1555071455
251,894,6172,"309,396",18020,18020,NS93_14,33,6172,1554941654,1554939395
252,868,S1030,281,12564,12564,NS93_63,34,PR001,1555051886,1555051444
253,868,6243,"625,691",12763,12763,NS93_63,34,6243,1555047108,1555045934
254,894,S1021,67,18324,18324,NS93_14,33,PR005,1554992542,1554991842
255,885,6172,377,9508,9508,NS92_82,33,6172,1554291732,1554290885
256,894,S1021,93,18123,18123,NS93_14,33,PR005,1554950582,1554949729
257,885,6172,408,9411,9411,NS92_82,33,6172,1554284955,1554283607
258,886,S1027,"146,161",9614,9614,NN93_12,33,PR005,1554711085,1554324589
259,894,S1021,"55,64",18719,18719,NS93_14,33,PR005,1555053299,1555051839
260,868,6243,"654,678",383,383,NS93_63,34,6243,1555035485,1555035020
261,868,6674,496,12568,12568,NS93_63,34,6674,1554918900,1554917807
262,868,6243,666,10978,10978,NS93_61,34,6243,1554315261,1554314327
263,868,6243,650,10676,10676,NS93_61,34,6243,1554349381,1554348543
264,868,6674,487,11179,11179,NS93_61,34,6674,1554627843,1554626830
265,868,6243,627,10976,10976,NS93_61,34,6243,1554366986,1554364350
266,886,S1027,168,9618,9618,NN93_12,33,PR005,1554530055,1554528761
267,868,6243,655,10971,10971,NS93_61,34,6243,1554432442,1554431554
268,868,6243,"634,662",12167,12167,NS93_63,34,6243,1555126134,1555125250
269,868,S1026,178,376R,376R,NS93_63,34,PR001,1554769981,1554769415
270,886,S1027,"144,158",10314,10314,NN93_12,33,PR005,1554557356,1554555181
271,885,S1027,16,9416,9416,NS92_82,33,DIFF017,1554239772,1554238943
272,868,6243,661,10578,10578,NS93_61,34,6243,1554308236,1554307134
273,868,6674,573,13064,13064,NS93_63,34,6674,1554812209,1554811228
274,886,S1027,151,9122,9122,NN93_12,33,PR005,1554583714,1554582295
275,868,6674,530,13367,13367,NS93_63,34,6674,1554700377,1554699406
276,868,6674,557,2274,2274,NS93_63,34,6674,1554815454,1554814229
277,894,6172,405,18225,18225,NS93_14,33,6172,1554961128,1554960670
278,868,6674,508,2269,2269,NS93_63,34,6674,1554681913,1554680992
279,894,S1021,73,18620,18620,NS93_14,33,PR005,1555039886,1555038761
280,885,6172,"385,423",9310,9310,NS92_82,33,6172,1554268380,1554267453
281,868,6243,689,11169,11169,NS93_61,34,6243,1554455191,1554454374
282,868,6243,"665,708",11678T,11678T,NS93_61,34,6243,1554268707,1554265831
283,868,S1026,247,11468,11468,NS93_61,34,PR001,1554564466,1554563552
284,894,6172,"358,435",18420T,18420T,NS93_14,33,6172,1555011304,1555008769
285,868,6674,"509,589",11777,11777,NS93_61,34,6674,1554661841,1554660939
286,868,6243,"634,648",12164,12164,NS93_63,34,6243,1555122351,1555121477
287,894,6172,340,18517,18517,NS93_14,33,6172,1555032919,1555031079
288,868,S1030,261,12164,12164,NS93_63,34,PR001,1555122351,1555121477
289,886,S1027,131,9913,9913,NN93_12,33,PR005,1554705752,1554705104
290,868,6674,523,13169,13169,NS93_63,34,6674,1554716109,1554715165
291,886,S1027,118,10809,10809,NN93_12,33,PR005,1554544382,1554542283
292,885,6172,326,9617,9617,NS92_82,33,6172,1554571632,1554246413
293,868,6674,"517,528",12767,12767,NS93_63,34,6674,1554762058,1554761306
294,894,6172,344,17725,17725,NS93_14,33,6172,1555216474,1555215872
295,894,S1021,97,18224,18224,NS93_14,33,PR005,1554961769,1554961365
296,868,6674,"489,584",11380,11380,NS93_61,34,6674,1554636481,1554635149
297,894,6172,390,19018,19018,NS93_14,33,6172,1555093362,1555092378
298,868,6243,668,12174,12174,NS93_63,34,6243,1555134514,1555133807
299,885,6172,"334,335",9208,9208,NS92_82,33,6172,1554254079,1554253099
300,894,6172,394,18017,18017,NS93_14,33,6172,1555143615,1555142249
301,868,6674,"570,579",13067,13067,NS93_63,34,6674,1554726880,1554725409
302,885,S1027,5,9616,9616,NS92_82,33,DIFF017,1554249494,1554248226
303,868,S1026,207,1130,1130,NS93_63,34,PR001,1554788518,1554787333
304,885,S1027,"4,9",9607T,9607T,NS92_82,33,DIFF017,1554311739,1554308522
305,886,6172,317,10713,10713,NN93_12,33,6172,1554475990,1554473855
306,868,S1030,255,11965,11965,NS93_63,34,PR001,1555178248,1555177118
307,894,6172,"399,424",17818,17818,NS93_14,33,6172,1555207071,1555205298
308,868,6674,584,11480,11480,NS93_61,34,6674,1554638270,1554636781
309,868,S1030,"265,270",12175,12175,NS93_63,34,PR001,1555135782,1555134882
310,894,6172,425,18319,18319,NS93_14,33,6172,1554986432,1554984650
311,868,6243,683,11266,11266,NS93_61,34,6243,1554460939,1554459699
312,885,6172,423,9309,9309,NS92_82,33,6172,1554267257,1554266358
313,868,S1026,194,13265,13265,NS93_63,34,PR001,1554799636,1554798213
314,868,6243,"656,677",11675,11675,NS93_61,34,6243,1554353885,1554353286
315,886,S1027,170,10211,10211,NN93_12,33,PR005,1554702762,1554702221
316,868,6674,471,13265,13265,NS93_63,34,6674,1554799636,1554798213
317,894,6172,403,18620,18620,NS93_14,33,6172,1555039886,1555038761
318,894,S1021,79,18518,18518,NS93_14,33,PR005,1555030068,1555028339
319,868,6674,"493,569",1132,1132,NS93_63,34,6674,1554791607,1554790446
320,886,6172,369,3202C,3202C,NN93_12,33,6172,1554450551,1554449581
321,868,S1026,219,11579,11579,NS93_61,34,PR001,1554647257,1554646032
322,894,6172,"380,439",17822T,17822T,NS93_14,33,6172,1555187647,1555184018
323,868,6674,521,12566,12566,NS93_63,34,6674,1554908521,1554907353
324,868,6243,"612,638",10773,10773,NS93_61,34,6243,1554397295,1554396387
325,868,S1026,"181,231",11280,11280,NS93_61,34,PR001,1554634832,1554633381
326,868,S1026,183,11876,11876,NS93_61,34,PR001,1554664834,1554664209
327,868,6243,656,11775,11775,NS93_61,34,6243,1554354660,1554354103
328,885,S1027,35,9417,9417,NS92_82,33,DIFF017,1554651887,1554236964
329,894,6172,422,18718,18718,NS93_14,33,6172,1555055583,1555053615
330,868,6243,623,12286,12286,NS93_63,34,6243,1555009890,1555008624
331,868,S1030,282,12860,12860,NS93_63,34,PR001,1555056892,1555056247
332,868,6243,"698,713",11370,11370,NS93_61,34,6243,1554444260,1554443243
333,868,6674,578,13166,13166,NS93_63,34,6674,1554709153,1554708047
334,894,6172,"308,347",18322,18322,NS93_14,33,6172,1554994689,1554993730
335,886,S1027,122,9417,9417,NN93_12,33,PR005,1554651887,1554236964
336,868,6243,625,2281,2281,NS93_63,34,6243,1555047936,1555047557
337,894,S1021,"61,73",18618,18618,NS93_14,33,PR005,1555043241,1555041425
338,868,S1026,"201,207",1131,1131,NS93_63,34,PR001,1554790121,1554788862
339,868,6243,"622,656",11676T,11676T,NS93_61,34,6243,1554357859,1554355890
340,894,6172,330,18520,18520,NS93_14,33,6172,1555026249,1555023870
341,868,6674,582,11081TRD,11081TRD,NS93_61,34,6674,1554655165,1554654066
342,894,S1021,"78,94",18319,18319,NS93_14,33,PR005,1554986432,1554984650
343,894,6172,412,18717,18717,NS93_14,33,6172,1555058423,1555055919
344,868,6243,677,11575,11575,NS93_61,34,6243,1554353075,1554352467
345,868,6674,539,11678TRD,11678TRD,NS93_61,34,6674,1554653426,1554652296
346,868,6674,"508,533",1125R,1125R,NS93_63,34,6674,1554679385,1554678578
347,894,6172,442,19020,19020,NS93_14,33,6172,1555090978,1555090066
348,868,S1030,272,12068,12068,NS93_63,34,PR001,1555159984,1555158820
349,894,6172,312,18025,18025,NS93_14,33,6172,1554934459,1554933781
350,868,S1026,"217,235",12864,12864,NS93_63,34,PR001,1554749034,1554746092
351,894,6172,405,18226,18226,NS93_14,33,6172,1554960413,1554959314
352,894,6172,"313,384",18516,18516,NS93_14,33,6172,1555128316,1555125258
353,868,6243,687,12066T,12066T,NS93_63,34,6243,1555152721,1555149914
354,886,S1027,53,9916,9916,NN93_12,33,PR005,1554564647,1554563772
355,894,S1021,76,18917,18917,NS93_14,33,PR005,1555083935,1555081904
356,885,S1027,"4,33",9609,9609,NS92_82,33,DIFF017,1554315350,1554314080
357,868,6674,507,11568,11568,NS93_61,34,6674,1554565671,1554564677
358,868,S1026,"186,199",10882,10882,NS93_61,34,PR001,1554614114,1554612902
359,868,6243,"635,660",10577,10577,NS93_61,34,6243,1554328257,1554327167
360,868,6243,604,12171,12171,NS93_63,34,6243,1555130574,1555129901
361,885,S1027,19,9615,9615,NS92_82,33,DIFF017,1554650376,1554249915
362,894,S1021,67,18322,18322,NS93_14,33,PR005,1554994689,1554993730
363,868,6243,711,381,381,NS93_63,34,6243,1555029708,1555028959
364,868,6243,662,12168,12168,NS93_63,34,6243,1555127409,1555126578
365,885,S1027,24,9605,9605,NS92_82,33,DIFF017,1554306702,1554305669
366,868,6674,588,13264,13264,NS93_63,34,6674,1554808279,1554807132
367,868,6674,487,11180,11180,NS93_61,34,6674,1554626479,1554625313
368,885,6172,"423,448",9307,9307,NS92_82,33,6172,1554264841,1554263935
369,894,6172,"349,372",18217,18217,NS93_14,33,6172,1554973655,1554971590
370,868,6243,"619,669",11364,11364,NS93_61,34,6243,1554469143,1554468303
371,868,6243,629,11178,11178,NS93_61,34,6243,1554320157,1554319262
372,885,6172,"310,447",9408,9408,NS92_82,33,6172,1554279011,1554277934
373,868,6243,693,10475,10475,NS93_61,34,6243,1554370309,1554369491
374,886,S1027,53,9816,9816,NN93_12,33,PR005,1554566307,1554564882
375,868,S1026,"180,225",12868,12868,NS93_63,34,PR001,1554753621,1554752698
376,886,S1027,109,10214,10214,NN93_12,33,PR005,1554560939,1554560039
377,886,S1027,144,10413,10413,NN93_12,33,PR005,1554554916,1554554545
378,868,S1026,"247,250",11668,11668,NS93_61,34,PR001,1554567187,1554565891
379,886,6673,"301,304",10614,10614,NN93_12,33,6673,1554484887,1554483051
380,868,6674,479,10982,10982,NS93_61,34,6674,1554621166,1554619777
381,885,6172,"310,408",9410,9410,NS92_82,33,6172,1554283405,1554281917
382,886,S1027,145,10613,10613,NN93_12,33,PR005,1554518757,1554517236
383,868,6243,670,12564,12564,NS93_63,34,6243,1555051886,1555051444
384,868,S1026,224,10981,10981,NS93_61,34,PR001,1554619409,1554618232
385,868,S1026,248,11769,11769,NS93_61,34,PR001,1554561246,1554560148
386,868,S1030,279,381,381,NS93_63,34,PR001,1555029708,1555028959
387,868,6674,474,11080,11080,NS93_61,34,6674,1554624581,1554623506
388,886,S1027,163,11207,11207,NN93_12,33,PR005,1554535547,1554534884
389,868,S1030,256,12263,12263,NS93_63,34,PR001,1555113124,1555112344
390,868,S1026,217,12964,12964,NS93_63,34,PR001,1554744524,1554743889
391,868,S1030,"290,291",12862,12862,NS93_63,34,PR001,1555045493,1555045082
392,868,6243,691,13060,13060,NS93_63,34,6243,1555043734,1555043114
393,894,S1021,"57,67",18325,18325,NS93_14,33,PR005,1554991599,1554991195
394,894,S1021,74,18817,18817,NS93_14,33,PR005,1555068658,1555067219
395,868,S1030,287,12859,12859,NS93_63,34,PR001,1555055928,1555054502
396,894,S1021,100,18027,18027,NS93_14,33,PR005,1554932670,1554931427
397,894,6172,327,18822,18822,NS93_14,33,6172,1555060857,1555059632
398,868,S1026,204,13467,13467,NS93_63,34,PR001,1554691613,1554690585
399,868,6243,677,11475,11475,NS93_61,34,6243,1554352263,1554351598
400,894,6172,"417,439",17824T,17824T,NS93_14,33,6172,1555182083,1555179663
401,868,S1026,223,13364,13364,NS93_63,34,PR001,1554806887,1554805692
402,868,6243,619,11365,11365,NS93_61,34,6243,1554470593,1554469580
403,886,S1027,"133,153",9120,9120,NN93_12,33,PR005,1554596667,1554595130
404,868,6674,522,12570,12570,NS93_63,34,6674,1554922300,1554921457
405,885,6172,320,9506,9506,NS92_82,33,6172,1554289342,1554288464
406,885,6172,48,9611,9611,NS92_82,33,6172,1554318168,1554317079
407,868,S1026,220,11081TRD,11081TRD,NS93_61,34,PR001,1554655165,1554654066
408,868,6674,509,11677,11677,NS93_61,34,6674,1554660698,1554660165
409,868,6674,497,2267,2267,NS93_63,34,6674,1554684328,1554683152
410,894,S1021,61,18617,18617,NS93_14,33,PR005,1555045187,1555043518
411,894,6172,359,18819,18819,NS93_14,33,6172,1555065184,1555064027
412,886,S1027,161,9714,9714,NN93_12,33,PR005,1554709312,1554707797
413,868,6243,706,12065T,12065T,NS93_63,34,6243,1555146708,1555144258
414,885,6172,42,9512,9512,NS92_82,33,6172,1554302556,1554301339
415,894,6172,"390,442",19019,19019,NS93_14,33,6172,1555092119,1555091239
416,868,S1030,"288,289",2278,2278,NS93_63,34,PR001,1555023914,1555023151
417,894,6172,417,17825,17825,NS93_14,33,6172,1555179247,1555178441
418,868,6243,609,11073,11073,NS93_61,34,6243,1554405115,1554404119
419,886,S1027,"113,146",9515,9515,NN93_12,33,PR005,1554714593,1554245367
420,894,6172,344,17727,17727,NS93_14,33,6172,1555214740,1555214155
421,868,6243,611,13260,13260,NS93_63,34,6243,1555027379,1555026580
422,868,S1030,"279,288",13260,13260,NS93_63,34,PR001,1555027379,1555026580
423,886,S1027,"126,169",10510,10510,NN93_12,33,PR005,1554697978,1554694971
424,868,6674,535,10882,10882,NS93_61,34,6674,1554614114,1554612902
425,868,6674,569,1131,1131,NS93_63,34,6674,1554790121,1554788862
426,894,6172,362,18418,18418,NS93_14,33,6172,1555015377,1555013576
427,868,6243,"672,673",11377,11377,NS93_61,34,6243,1554339662,1554338766
428,886,S1027,"102,136",9319T,9319T,NN93_12,33,PR005,1554590795,1554587331
429,868,S1026,205,11878,11878,NS93_61,34,PR001,1554658988,1554657840
430,868,S1030,271,11966,11966,NS93_63,34,PR001,1555180087,1555178594
431,868,6243,624,1136,1136,NS93_63,34,6243,1555019250,1555018506
432,868,S1026,231,11480,11480,NS93_61,34,PR001,1554638270,1554636781
433,868,6674,479,10981,10981,NS93_61,34,6674,1554619409,1554618232
434,868,S1026,197,12770,12770,NS93_63,34,PR001,1554758672,1554757922
435,894,6172,"391,419",18524,18524,NS93_14,33,6172,1555019852,1555019202
436,894,6172,"378,402",18716,18716,NS93_14,33,6172,1555104921,1555102314
437,868,S1026,189,2267,2267,NS93_63,34,PR001,1554684328,1554683152
438,868,6674,"513,517",12770,12770,NS93_63,34,6674,1554758672,1554757922
439,868,S1026,185,13369,13369,NS93_63,34,PR001,1554702691,1554701892
440,885,S1027,3,9317,9317,NS92_82,33,DIFF017,1554233349,1554232425
441,885,6172,"41,447",9407,9407,NS92_82,33,6172,1554275511,1554274410
442,868,6243,651,2279,2279,NS93_63,34,6243,1555040183,1555039699
443,894,6172,449,17917,17917,NS93_14,33,6172,1555166446,1555165037
444,868,S1026,216,13067,13067,NS93_63,34,PR001,1554726880,1554725409
445,868,6674,528,12764,12764,NS93_63,34,6674,1554765319,1554764753
446,868,6243,651,12962,12962,NS93_63,34,6243,1555041849,1555041508
447,868,6243,642,10970,10970,NS93_61,34,6243,1554438939,1554437054
448,885,6172,433,9415,9415,NS92_82,33,6172,1554716271,1554239983
449,868,6674,"482,579",13065,13065,NS93_63,34,6674,1554723418,1554722152
450,886,S1027,163,11108,11108,NN93_12,33,PR005,1554537239,1554535817
451,885,6172,48,9610,9610,NS92_82,33,6172,1554316837,1554315559
452,885,6172,41,9313,9313,NS92_82,33,6172,1554272660,1554271613
453,868,6243,686,12363,12363,NS93_63,34,6243,1555102301,1555101421
454,868,S1030,"277,294",385,385,NS93_63,34,PR001,1555038419,1555037798
455,868,S1026,190,12967,12967,NS93_63,34,PR001,1554741235,1554739525
456,868,6674,591,12965,12965,NS93_63,34,6674,1554743672,1554742920
457,868,S1030,"279,285",382,382,NS93_63,34,PR001,1555030989,1555030167
458,868,6674,476,13063,13063,NS93_63,34,6674,1554890143,1554889162
459,868,S1026,232,11777,11777,NS93_61,34,PR001,1554661841,1554660939
460,886,S1027,167,9320,9320,NN93_12,33,PR005,1554576046,1554574724
461,868,S1030,286,12661,12661,NS93_63,34,PR001,1555069460,1555068958
462,868,S1026,203,12764,12764,NS93_63,34,PR001,1554765319,1554764753
463,894,6172,"312,350",18026,18026,NS93_14,33,6172,1554933572,1554932908
464,868,6243,"635,644",10477,10477,NS93_61,34,6243,1554325203,1554322274
465,868,6674,555,11167,11167,NS93_61,34,6674,1554537571,1554536300
466,868,S1026,223,2272,2272,NS93_63,34,PR001,1554805312,1554804132
467,868,6674,590,13168,13168,NS93_63,34,6674,1554714751,1554713544
468,885,6172,326,9616,9616,NS92_82,33,6172,1554249494,1554248226
469,886,S1027,"136,151",9121,9121,NN93_12,33,PR005,1554585475,1554583975
470,868,S1026,215,356R,356R,NS93_63,34,PR001,1554673820,1554673210
471,894,6172,"313,329",18416,18416,NS93_14,33,6172,1555131365,1555129644
472,868,S1030,294,384,384,NS93_63,34,PR001,1555037354,1555036923
473,886,S1027,124,10612,10612,NN93_12,33,PR005,1554551685,1554549737
474,885,6172,433,9414,9414,NS92_82,33,6172,1554840978,1554240931
475,886,S1027,149,10714,10714,NN93_12,33,PR005,1554482654,1554480875
476,894,S1021,56,18523,18523,NS93_14,33,PR005,1555021380,1555020073
477,886,S1027,"108,153",10611,10611,NN93_12,33,PR005,1554600306,1554597275
478,868,6243,700,11471,11471,NS93_61,34,6243,1554425192,1554424215
479,868,6674,"470,491",13466,13466,NS93_63,34,6674,1554690260,1554689277
480,886,S1027,"104,118",10711,10711,NN93_12,33,PR005,1554545963,1554544703
481,868,S1026,225,12869,12869,NS93_63,34,PR001,1554754782,1554753814
482,894,6172,"344,451",17723,17723,NS93_14,33,6172,1555218478,1555217509
483,894,S1021,"57,78",18320,18320,NS93_14,33,PR005,1554987884,1554986687
484,894,6172,"394,409",18016T,18016T,NS93_14,33,6172,1555147782,1555144368
485,885,6172,50,9614,9614,NS92_82,33,6172,1554711085,1554324589
486,868,S1026,"178,229",1135,1135,NS93_63,34,PR001,1554771752,1554771237
487,868,6674,593,12471,12471,NS93_63,34,6674,1554935910,1554935092
488,886,S1027,116,10808,10808,NN93_12,33,PR005,1554688256,1554685818
489,868,S1026,186,10883,10883,NS93_61,34,PR001,1554616213,1554614492
490,894,S1021,84,18221,18221,NS93_14,33,PR005,1554964227,1554963729
491,868,S1026,177,11379,11379,NS93_61,34,PR001,1554639697,1554638599
492,868,6243,"618,686",12462,12462,NS93_63,34,6243,1555100964,1555100239
493,868,S1030,278,12282,12282,NS93_63,34,PR001,1555003579,1555002553
494,885,S1027,37,9409,9409,NS92_82,33,DIFF017,1554281689,1554280654
495,886,S1027,105,11205,11205,NN93_12,33,PR005,1554749909,1554748796
496,894,6172,451,17721,17721,NS93_14,33,6172,1555220998,1555219826
497,894,S1021,"63,72",18820,18820,NS93_14,33,PR005,1555063762,1555062572
498,885,S1027,1,9216,9216,NS92_82,33,DIFF017,1554738624,1554229498
499,868,6243,"627,693",10876,10876,NS93_61,34,6243,1554368021,1554367185
500,868,S1026,178,12665,12665,NS93_63,34,PR001,1554768561,1554768021
501,894,S1021,97,18225,18225,NS93_14,33,PR005,1554961128,1554960670
502,868,6243,680,11168,11168,NS93_61,34,6243,1554453581,1554452770
503,885,S1027,38,9210,9210,NS92_82,33,DIFF017,1554259157,1554257854
504,886,S1027,"122,135",9615,9615,NN93_12,33,PR005,1554650376,1554249915
505,885,6172,310,9518B,9518B,NS92_82,33,6172,1554280403,1554279377
506,894,6172,308,18324,18324,NS93_14,33,6172,1554992542,1554991842
507,868,6243,710,12281,12281,NS93_63,34,6243,1555002172,1555001371
508,868,S1026,"241,250",11768T,11768T,NS93_61,34,PR001,1554570141,1554567458
509,868,S1030,290,2280,2280,NS93_63,34,PR001,1555042872,1555042238
510,868,6674,574,1129,1129,NS93_63,34,6674,1554670633,1554669675
511,885,S1027,"33,39",9611,9611,NS92_82,33,DIFF017,1554318168,1554317079
512,868,6674,526,12467,12467,NS93_63,34,6674,1554930337,1554929019
513,868,6674,566,13370R,13370R,NS93_63,34,6674,1554696943,1554694888
514,894,S1021,96,18019,18019,NS93_14,33,PR005,1554943368,1554941873
515,894,S1021,72,18822,18822,NS93_14,33,PR005,1555060857,1555059632
516,868,S1026,178,375R,375R,NS93_63,34,PR001,1554771040,1554770398
517,885,6172,448,9212,9212,NS92_82,33,6172,1554262274,1554260914
518,894,6172,"329,415",18216,18216,NS93_14,33,6172,1555136159,1555134715
519,894,6172,308,18323,18323,NS93_14,33,6172,1554993457,1554992757
520,894,S1021,69,18524,18524,NS93_14,33,PR005,1555019852,1555019202
521,886,S1027,"106,154",10215,10215,NN93_12,33,PR005,1554524441,1554523191
522,868,6243,643,12464,12464,NS93_63,34,6243,1555063298,1555061666
523,894,6172,"330,381",18519,18519,NS93_14,33,6172,1555028031,1555026526
524,886,6172,43,3200C,3200C,NN93_12,33,6172,1554447220,1554446297
525,868,S1026,193,372R,372R,NS93_63,34,PR001,1554781407,1554780307
526,868,6243,"622,704",11376,11376,NS93_61,34,6243,1554361176,1554360590
527,868,6674,567,11868,11868,NS93_61,34,6674,1554573765,1554572742
528,868,6243,698,11270,11270,NS93_61,34,6243,1554442862,1554441888
529,894,S1021,"63,74",18818,18818,NS93_14,33,PR005,1555066938,1555065442
530,868,6243,646,10879,10879,NS93_61,34,6243,1554301484,1554300538
531,894,6172,436,17926,17926,NS93_14,33,6172,1555151582,1555151376
532,886,6673,"298,302",10514,10514,NN93_12,33,6673,1554519932,1554518999
533,868,S1030,289,379,379,NS93_63,34,PR001,1555021586,1555020830
534,868,6243,"650,707",10476T,10476T,NS93_61,34,6243,1554346488,1554344272
535,894,6172,464,18720,18720,NS93_14,33,6172,1555051548,1555050482
536,868,6674,589,11776,11776,NS93_61,34,6674,1554663929,1554663480
537,868,S1030,"259,270",12172,12172,NS93_63,34,PR001,1555131699,1555130872
538,868,6674,495,370R,370R,NS93_63,34,6674,1554785697,1554784579
539,885,S1027,8,9411,9411,NS92_82,33,DIFF017,1554284955,1554283607
540,868,6243,678,384,384,NS93_63,34,6243,1555037354,1555036923
541,868,S1026,236,11478,11478,NS93_61,34,PR001,1554650889,1554650283
542,868,6674,"485,571",11769,11769,NS93_61,34,6674,1554561246,1554560148
543,894,6172,312,18023,18023,NS93_14,33,6172,1554936580,1554935790
544,885,S1027,20,9308,9308,NS92_82,33,DIFF017,1554266145,1554265159
545,868,6674,"531,562",1134,1134,NS93_63,34,6674,1554779950,1554778895
546,868,6243,607,12163,12163,NS93_63,34,6243,1555116729,1555115953
547,886,S1027,"104,124",10712,10712,NN93_12,33,PR005,1554549448,1554548126
548,868,6243,668,12175,12175,NS93_63,34,6243,1555135782,1555134882
549,894,S1021,"56,58",18521,18521,NS93_14,33,PR005,1555023630,1555022487
550,894,S1021,82,18021,18021,NS93_14,33,PR005,1554939142,1554937843
551,868,6674,"500,513",12869,12869,NS93_63,34,6674,1554754782,1554753814
552,868,6243,677,11375,11375,NS93_61,34,6243,1554351412,1554350741
553,886,6172,"350,416",401,401,NN93_12,33,6172,1554930761,1554929386
554,885,S1027,16,9414,9414,NS92_82,33,DIFF017,1554840978,1554240931
555,868,S1030,"277,290",12962,12962,NS93_63,34,PR001,1555041849,1555041508
556,868,S1030,277,2279,2279,NS93_63,34,PR001,1555040183,1555039699
557,868,6243,667,11267T,11267T,NS93_61,34,6243,1554464453,1554461475
558,868,S1030,256,12262,12262,NS93_63,34,PR001,1555111864,1555110688
559,894,6172,"312,396",18022,18022,NS93_14,33,6172,1554937556,1554936836
560,868,6674,528,12765,12765,NS93_63,34,6674,1554764374,1554763783
561,868,S1026,196,13070R,13070R,NS93_63,34,PR001,1554734086,1554732564
562,886,S1027,"121,173",9117,9117,NN93_12,33,PR005,1554736506,1554734838
563,868,6674,533,354R,354R,NS93_63,34,6674,1554676711,1554676013
564,868,S1026,195,370R,370R,NS93_63,34,PR001,1554785697,1554784579
565,894,6172,396,18021,18021,NS93_14,33,6172,1554939142,1554937843
566,885,S1027,2,9613T,9613T,NS92_82,33,DIFF017,1554324085,1554321930
567,868,6674,"507,571",11468,11468,NS93_61,34,6674,1554564466,1554563552
568,885,6172,"46,47",9607T,9607T,NS92_82,33,6172,1554311739,1554308522
569,894,S1021,59,18424,18424,NS93_14,33,PR005,1554999767,1554999096
570,894,6172,443,18219,18219,NS93_14,33,6172,1554968058,1554966235
571,868,6674,505,11679,11679,NS93_61,34,6674,1554648849,1554647767
572,868,6674,528,12766,12766,NS93_63,34,6674,1554763276,1554762710
573,868,S1026,236,11578,11578,NS93_61,34,PR001,1554651937,1554651067
574,894,6172,312,18024,18024,NS93_14,33,6172,1554935638,1554934650
575,885,S1027,"16,23",9517,9517,NS92_82,33,DIFF017,1554243648,1554242241
576,868,S1030,"278,280",12281,12281,NS93_63,34,PR001,1555002172,1555001371
577,885,S1027,18,9507,9507,NS92_82,33,DIFF017,1554290661,1554289564
578,868,6674,"505,539",11478,11478,NS93_61,34,6674,1554650889,1554650283
579,868,S1030,286,12660,12660,NS93_63,34,PR001,1555070150,1555069775
580,868,S1030,276,12285,12285,NS93_63,34,PR001,1555008278,1555007256
581,885,6172,388,9211,9211,NS92_82,33,6172,1554260697,1554259366
582,868,6243,656,11875,11875,NS93_61,34,6243,1554355479,1554354855
583,868,S1026,185,13368,13368,NS93_63,34,PR001,1554701502,1554700701
584,894,6172,458,18623,18623,NS93_14,33,6172,1555037104,1555036728
585,886,S1027,113,9415,9415,NN93_12,33,PR005,1554716271,1554239983
586,868,6243,"624,692",377,377,NS93_63,34,6243,1555018107,1555017376
587,885,S1027,5,9617,9617,NS92_82,33,DIFF017,1554571632,1554246413
588,894,6172,407,18920,18920,NS93_14,33,6172,1555071188,1555070520
589,868,S1026,179,12766,12766,NS93_63,34,PR001,1554763276,1554762710
590,885,S1027,4,9608,9608,NS92_82,33,DIFF017,1554313858,1554312659
591,894,6172,415,18117,18117,NS93_14,33,6172,1555138275,1555136488
592,868,6243,710,12280,12280,NS93_63,34,6243,1555000877,1554999707
593,894,S1021,"59,70",18422,18422,NS93_14,33,PR005,1555002184,1555001303
594,868,S1026,201,1132,1132,NS93_63,34,PR001,1554791607,1554790446
595,894,6172,375,17820,17820,NS93_14,33,6172,1555195144,1555193095
596,885,S1027,11,9313,9313,NS92_82,33,DIFF017,1554272660,1554271613
597,868,6243,640,11079,11079,NS93_61,34,6243,1554304091,1554303144
598,868,6674,509,11577,11577,NS93_61,34,6674,1554659961,1554659401
599,868,S1026,177,11479,11479,NS93_61,34,PR001,1554641110,1554639944
600,894,S1021,75,18623,18623,NS93_14,33,PR005,1555037104,1555036728
601,868,S1030,290,13060,13060,NS93_63,34,PR001,1555043734,1555043114
602,868,S1030,278,12283,12283,NS93_63,34,PR001,1555005092,1555003933
603,868,6243,"651,678",1140,1140,NS93_63,34,6243,1555039308,1555038702
604,894,6172,"341,442",19021T,19021T,NS93_14,33,6172,1555088311,1555085609
605,885,S1027,14,9209,9209,NS92_82,33,DIFF017,1554255265,1554254293
606,868,S1030,261,12165,12165,NS93_63,34,PR001,1555123552,1555122754
607,868,S1030,269,12163,12163,NS93_63,34,PR001,1555116729,1555115953
608,894,6172,458,18624,18624,NS93_14,33,6172,1555036513,1555035676
609,868,6674,593,12472,12472,NS93_63,34,6674,1554937084,1554936244
610,885,6172,316,9514,9514,NS92_82,33,6172,1554842555,1554304347
611,894,S1021,68,18920,18920,NS93_14,33,PR005,1555071188,1555070520
612,886,S1027,106,10016,10016,NN93_12,33,PR005,1554525519,1554525252
613,868,6674,"484,589",11876,11876,NS93_61,34,6674,1554664834,1554664209
614,868,S1030,252,12362,12362,NS93_63,34,PR001,1555109996,1555109146
615,868,6674,526,12466,12466,NS93_63,34,6674,1554928431,1554927578
616,894,S1021,87,18121,18121,NS93_14,33,PR005,1554952609,1554951661
617,868,S1026,190,12966,12966,NS93_63,34,PR001,1554742625,1554741482
618,894,6172,"429,443",18220,18220,NS93_14,33,6172,1554965990,1554964450
619,886,S1027,142,10213,10213,NN93_12,33,PR005,1554608559,1554607794
620,868,6243,638,10573,10573,NS93_61,34,6243,1554394914,1554393977
621,868,6243,669,11268,11268,NS93_61,34,6243,1554466598,1554465674
622,868,6243,663,12761,12761,NS93_63,34,6243,1555058802,1555058342
623,894,S1021,"86,91",18217,18217,NS93_14,33,PR005,1554973655,1554971590
624,894,6172,"405,429",18223,18223,NS93_14,33,6172,1554962488,1554961983
625,868,S1026,192,13165,13165,NS93_63,34,PR001,1554802059,1554800772
626,885,6172,316,9605,9605,NS92_82,33,6172,1554306702,1554305669
627,894,6172,413,18018,18018,NS93_14,33,6172,1555141991,1555140258
628,868,6674,506,13062,13062,NS93_63,34,6674,1554892874,1554891867
629,868,6243,691,12961,12961,NS93_63,34,6243,1555044829,1555044021
630,886,S1021,95,1147,1147,NN93_12,33,PR005,1554929183,1554927547
631,868,S1026,227,13365,13365,NS93_63,34,PR001,1554796465,1554795306
632,894,6172,441,18723,18723,NS93_14,33,6172,1555047300,1555046450
633,868,S1026,213,11082,11082,NS93_61,34,PR001,1554623015,1554621541
634,868,6243,"654,711",1138,1138,NS93_63,34,6243,1555032106,1555031368
635,868,S1030,275,377,377,NS93_63,34,PR001,1555018107,1555017376
636,868,S1026,204,13466,13466,NS93_63,34,PR001,1554690260,1554689277
637,886,S1027,"124,144",10513,10513,NN93_12,33,PR005,1554554278,1554551916
638,894,S1021,67,18323,18323,NS93_14,33,PR005,1554993457,1554992757
639,868,6243,"642,698",11070,11070,NS93_61,34,6243,1554440169,1554439281
640,894,S1021,90,18025,18025,NS93_14,33,PR005,1554934459,1554933781
641,885,S1027,"17,37",9408,9408,NS92_82,33,DIFF017,1554279011,1554277934
642,894,6172,403,18619,18619,NS93_14,33,6172,1555041181,1555040117
643,868,6243,691,12862,12862,NS93_63,34,6243,1555045493,1555045082
644,868,S1030,263,12067T,12067T,NS93_63,34,PR001,1555156420,1555154067
645,868,6243,"608,710",12282,12282,NS93_63,34,6243,1555003579,1555002553
646,868,6243,"611,711",13161,13161,NS93_63,34,6243,1555028546,1555027797
647,868,S1030,"259,267",12169,12169,NS93_63,34,PR001,1555128459,1555127730
648,885,S1027,"26,38",9211,9211,NS92_82,33,DIFF017,1554260697,1554259366
649,868,S1030,"260,272",12069,12069,NS93_63,34,PR001,1555161367,1555160367
650,885,S1027,20,9309,9309,NS92_82,33,DIFF017,1554267257,1554266358
651,868,6243,681,11171,11171,NS93_61,34,6243,1554435110,1554434104
652,886,S1027,170,10311,10311,NN93_12,33,PR005,1554702001,1554701344
653,868,S1030,"258,264",12065T,12065T,NS93_63,34,PR001,1555146708,1555144258
654,868,6674,509,11878,11878,NS93_61,34,6674,1554658988,1554657840
655,868,6243,673,11277,11277,NS93_61,34,6243,1554338460,1554337605
656,868,6674,489,11280,11280,NS93_61,34,6674,1554634832,1554633381
657,894,S1021,"51,55",18717,18717,NS93_14,33,PR005,1555058423,1555055919
658,886,S1027,"165,167",9220T,9220T,NN93_12,33,PR005,1554579714,1554576456
659,886,S1027,155,9419,9419,NN93_12,33,PR005,1554533737,1554532467
660,868,6674,539,11578,11578,NS93_61,34,6674,1554651937,1554651067
661,894,6172,351,18618,18618,NS93_14,33,6172,1555043241,1555041425
662,868,S1030,"282,295",12662,12662,NS93_63,34,PR001,1555059792,1555059097
663,886,S1027,109,10115,10115,NN93_12,33,PR005,1554562354,1554561499
664,894,6172,413,18116,18116,NS93_14,33,6172,1555139801,1555138546
665,894,6172,309,18019,18019,NS93_14,33,6172,1554943368,1554941873
666,868,6243,682,10683T,10683T,NS93_61,34,6243,1554277299,1554274283
667,868,S1026,"210,213",11080,11080,NS93_61,34,PR001,1554624581,1554623506
668,894,6172,"354,449",17916T,17916T,NS93_14,33,6172,1555170616,1555166813
669,886,S1027,"169,170",10410,10410,NN93_12,33,PR005,1554701109,1554698342
670,868,S1026,215,1128,1128,NS93_63,34,PR001,1554671693,1554670904
671,868,6243,711,382,382,NS93_63,34,6243,1555030989,1555030167
672,894,6172,"359,414",18818,18818,NS93_14,33,6172,1555066938,1555065442
673,885,6172,388,9210,9210,NS92_82,33,6172,1554259157,1554257854
674,868,6674,"526,538",12468,12468,NS93_63,34,6674,1554931679,1554930836
675,894,S1021,75,18624,18624,NS93_14,33,PR005,1555036513,1555035676
676,868,S1026,211,2270,2270,NS93_63,34,PR001,1554680765,1554679835
677,868,6243,660,10777,10777,NS93_61,34,6243,1554331443,1554330451
678,868,S1026,"193,195",371R,371R,NS93_63,34,PR001,1554782886,1554781770
679,868,S1026,227,13465,13465,NS93_63,34,PR001,1554794871,1554793721
680,894,S1021,55,18718,18718,NS93_14,33,PR005,1555055583,1555053615
681,868,S1026,236,11378,11378,NS93_61,34,PR001,1554650003,1554649256
682,868,6674,"493,524",13465,13465,NS93_63,34,6674,1554794871,1554793721
683,868,6243,678,1139,1139,NS93_63,34,6243,1555036263,1555035845
684,868,S1030,265,12063,12063,NS93_63,34,PR001,1555138166,1555136997
685,868,S1026,"185,187",13367,13367,NS93_63,34,PR001,1554700377,1554699406
686,894,6172,439,17823,17823,NS93_14,33,6172,1555183628,1555182919
687,868,S1026,"186,224",10980,10980,NS93_61,34,PR001,1554617830,1554616657
688,868,6243,704,11276,11276,NS93_61,34,6243,1554362072,1554361426
689,885,6172,"326,335",9615,9615,NS92_82,33,6172,1554650376,1554249915
690,868,S1030,269,12162,12162,NS93_63,34,PR001,1555115637,1555114409
691,894,6172,"366,436",17923,17923,NS93_14,33,6172,1555153090,1555152745
692,886,6673,302,10315,10315,NN93_12,33,6673,1554522891,1554520968
693,894,6172,"441,464",18722,18722,NS93_14,33,6172,1555048807,1555047615
694,868,6674,"483,510",12474,12474,NS93_63,34,6674,1554960652,1554959557
695,868,S1026,182,1129,1129,NS93_63,34,PR001,1554670633,1554669675
696,894,6172,"337,407",18919,18919,NS93_14,33,6172,1555079061,1555071455
697,868,6243,610,12263,12263,NS93_63,34,6243,1555113124,1555112344
698,868,6243,612,10973,10973,NS93_61,34,6243,1554400006,1554398974
699,886,S1027,106,10116,10116,NN93_12,33,PR005,1554524968,1554524687
700,868,6674,"481,588",2272,2272,NS93_63,34,6674,1554805312,1554804132
701,885,6172,365,9315,9315,NS92_82,33,6172,1554235244,1554234521
702,868,S1030,294,383,383,NS93_63,34,PR001,1555035485,1555035020
703,885,6172,41,9406,9406,NS92_82,33,6172,1554274010,1554273050
704,868,S1026,197,12769,12769,NS93_63,34,PR001,1554759855,1554758886
705,868,S1030,"255,262",11963,11963,NS93_63,34,PR001,1555175030,1555173721
706,868,6243,615,12279,12279,NS93_63,34,6243,1554999254,1554997922
707,868,6243,"614,661",10678,10678,NS93_61,34,6243,1554311087,1554310125
708,868,6243,"673,712",11077,11077,NS93_61,34,6243,1554335701,1554334793
709,868,S1026,248,11869,11869,NS93_61,34,PR001,1554562780,1554561748
710,868,S1030,280,12280,12280,NS93_63,34,PR001,1555000877,1554999707
711,868,6674,527,376R,376R,NS93_63,34,6674,1554769981,1554769415
712,885,S1027,26,9212,9212,NS92_82,33,DIFF017,1554262274,1554260914
713,868,6243,608,12283,12283,NS93_63,34,6243,1555005092,1555003933
714,868,6243,641,11367,11367,NS93_61,34,6243,1554480718,1554479820
715,868,6674,530,13366,13366,NS93_63,34,6674,1554698970,1554697910
716,885,S1027,23,9516,9516,NS92_82,33,DIFF017,1554245153,1554243889
717,886,6172,416,1147,1147,NN93_12,33,6172,1554929183,1554927547
718,894,6172,381,18518,18518,NS93_14,33,6172,1555030068,1555028339
719,868,6674,574,1128,1128,NS93_63,34,6674,1554671693,1554670904
720,868,6243,"680,702",11870,11870,NS93_61,34,6243,1554451517,1554450502
721,886,S1027,173,9216,9216,NN93_12,33,PR005,1554738624,1554229498
722,868,6674,"492,591",12967,12967,NS93_63,34,6674,1554741235,1554739525
723,885,6172,"433,437",9416,9416,NS92_82,33,6172,1554239772,1554238943
724,868,6243,702,11770,11770,NS93_61,34,6243,1554450111,1554449125
725,868,6674,"558,570",13069,13069,NS93_63,34,6674,1554730109,1554728719
726,886,6172,"416,460",402,402,NN93_12,33,6172,1554927313,1554925999
727,868,6674,524,13365,13365,NS93_63,34,6674,1554796465,1554795306
728,885,S1027,"3,22",9314,9314,NS92_82,33,DIFF017,1554232075,1554230753
729,868,6243,634,12166,12166,NS93_63,34,6243,1555124831,1555123982
730,868,6674,470,13468,13468,NS93_63,34,6674,1554692831,1554691997
731,894,S1021,"85,91",18317,18317,NS93_14,33,PR005,1554978180,1554973936
732,894,6172,"403,458",18622,18622,NS93_14,33,6172,1555037749,1555037343
733,868,6674,500,12868,12868,NS93_63,34,6674,1554753621,1554752698
734,885,S1027,11,9406,9406,NS92_82,33,DIFF017,1554274010,1554273050
735,886,6172,43,3199C,3199C,NN93_12,33,6172,1554446006,1554444942
736,868,6243,"638,701",11074,11074,NS93_61,34,6243,1554393162,1554392161
737,868,6243,605,11571,11571,NS93_61,34,6243,1554426388,1554425460
738,868,6674,563,12565,12565,NS93_63,34,6674,1554900947,1554899623
739,894,S1021,89,18219,18219,NS93_14,33,PR005,1554968058,1554966235
740,868,S1030,255,11964,11964,NS93_63,34,PR001,1555176406,1555175291
741,868,6674,490,12865,12865,NS93_63,34,6674,1554750073,1554749413
742,894,6172,344,17724,17724,NS93_14,33,6172,1555217270,1555216685
743,894,6172,397,19016,19016,NS93_14,33,6172,1555097513,1555095591
744,868,6674,531,372R,372R,NS93_63,34,6674,1554781407,1554780307
745,868,S1026,191,13064,13064,NS93_63,34,PR001,1554812209,1554811228
746,868,6674,516,356R,356R,NS93_63,34,6674,1554673820,1554673210
747,894,S1021,62,18723,18723,NS93_14,33,PR005,1555047300,1555046450
748,868,6243,698,11170,11170,NS93_61,34,6243,1554441468,1554440538
749,885,6172,377,9507,9507,NS92_82,33,6172,1554290661,1554289564
750,868,S1030,282,12761,12761,NS93_63,34,PR001,1555058802,1555058342
751,894,6172,429,18221,18221,NS93_14,33,6172,1554964227,1554963729
752,868,6243,612,10873,10873,NS93_61,34,6243,1554398668,1554397654
753,868,6243,712,10977,10977,NS93_61,34,6243,1554334260,1554333203
754,868,6674,562,373R,373R,NS93_63,34,6674,1554778564,1554777366
755,894,6172,457,17828,17828,NS93_14,33,6172,1555173405,1555172582
756,886,S1027,"145,154",10514,10514,NN93_12,33,PR005,1554519932,1554518999
757,868,6674,561,13262,13262,NS93_63,34,6674,1554885617,1554884585
758,894,6172,"351,441",18617,18617,NS93_14,33,6172,1555045187,1555043518
759,868,S1026,"189,211",2269,2269,NS93_63,34,PR001,1554681913,1554680992
760,894,S1021,"86,89",18218,18218,NS93_14,33,PR005,1554971295,1554968346
761,868,6243,"610,626",12262,12262,NS93_63,34,6243,1555111864,1555110688
762,894,S1021,97,18226,18226,NS93_14,33,PR005,1554960413,1554959314
763,868,6243,693,10776,10776,NS93_61,34,6243,1554369096,1554368205
764,868,6674,"483,512",12668T,12668T,NS93_63,34,6674,1554964446,1554961320
765,886,S1027,135,9715,9715,NN93_12,33,PR005,1554647759,1554646241
766,894,6172,"410,411",18119,18119,NS93_14,33,6172,1554956140,1554954719
767,868,6243,701,10974,10974,NS93_61,34,6243,1554391823,1554390702
768,868,6674,516,1127,1127,NS93_63,34,6674,1554672938,1554672115
769,868,S1026,247,11568,11568,NS93_61,34,PR001,1554565671,1554564677
770,894,S1021,90,18024,18024,NS93_14,33,PR005,1554935638,1554934650
771,885,6172,432,9515,9515,NS92_82,33,6172,1554714593,1554245367
772,885,6172,365,9316,9316,NS92_82,33,6172,1554234295,1554233595
773,868,S1026,217,12965,12965,NS93_63,34,PR001,1554743672,1554742920
774,868,S1030,291,12763,12763,NS93_63,34,PR001,1555047108,1555045934
775,868,S1030,267,12167,12167,NS93_63,34,PR001,1555126134,1555125250
776,868,6243,"607,610",12162,12162,NS93_63,34,6243,1555115637,1555114409
777,868,6243,670,12663,12663,NS93_63,34,6243,1555051064,1555050696
778,868,6243,618,12561,12561,NS93_63,34,6243,1555099734,1555098700
779,868,6674,554,12667,12667,NS93_63,34,6674,1554915745,1554913956
780,894,S1021,54,18517,18517,NS93_14,33,PR005,1555032919,1555031079
781,894,S1021,"82,96",18020,18020,NS93_14,33,PR005,1554941654,1554939395
782,894,6172,398,18424,18424,NS93_14,33,6172,1554999767,1554999096
783,894,6172,"399,462",17819,17819,NS93_14,33,6172,1555205063,1555202999
784,894,S1021,66,18425T,18425T,NS93_14,33,PR005,1554997953,1554995089
785,886,S1021,83,1148,1148,NN93_12,33,PR005,1554923285,1554915191
786,894,S1021,"76,77",18918,18918,NS93_14,33,PR005,1555081604,1555079462
787,885,6172,"432,433",9517,9517,NS92_82,33,6172,1554243648,1554242241
788,894,6172,455,17918,17918,NS93_14,33,6172,1555162939,1555160908
789,868,6243,614,10778,10778,NS93_61,34,6243,1554312584,1554311587
790,868,6243,"651,691",2280,2280,NS93_63,34,6243,1555042872,1555042238
791,868,6243,695,11366,11366,NS93_61,34,6243,1554479405,1554477893
792,868,S1030,291,2281,2281,NS93_63,34,PR001,1555047936,1555047557
793,894,S1021,93,18124,18124,NS93_14,33,PR005,1554949490,1554948403
794,868,S1026,231,11380,11380,NS93_61,34,PR001,1554636481,1554635149
795,885,6172,"47,48",9609,9609,NS92_82,33,6172,1554315350,1554314080
796,868,6674,580,12664,12664,NS93_63,34,6674,1554767707,1554767128
797,894,6172,398,18423,18423,NS93_14,33,6172,1555000681,1555000036
798,868,6243,606,12661,12661,NS93_63,34,6243,1555069460,1555068958
799,894,6172,406,17829,17829,NS93_14,33,6172,1555211606,1555210572
800,894,S1021,"69,71",18417,18417,NS93_14,33,PR005,1555018501,1555015646
801,894,S1021,63,18819,18819,NS93_14,33,PR005,1555065184,1555064027
802,868,S1030,268,12070,12070,NS93_63,34,PR001,1555165606,1555164590
803,886,S1027,"106,168",9817,9817,NN93_12,33,PR005,1554527367,1554526325
804,894,S1021,84,18220,18220,NS93_14,33,PR005,1554965990,1554964450
805,886,S1027,147,9717,9717,NN93_12,33,PR005,1554568273,1554566556
806,894,6172,"323,380",17821,17821,NS93_14,33,6172,1555190468,1555188621
807,894,6172,329,18316,18316,NS93_14,33,6172,1555133468,1555131585
808,894,6172,390,19017,19017,NS93_14,33,6172,1555095245,1555093659
809,868,6243,697,12365,12365,NS93_63,34,6243,1555065156,1555064380
810,868,6243,"629,644",11278,11278,NS93_61,34,6243,1554321559,1554320573
811,868,6674,516,1126,1126,NS93_63,34,6674,1554674770,1554674084
812,868,6243,"603,624",379,379,NS93_63,34,6243,1555021586,1555020830
813,868,S1026,215,1127,1127,NS93_63,34,PR001,1554672938,1554672115
814,886,S1027,"155,168",9519,9519,NN93_12,33,PR005,1554532087,1554530292
815,868,S1026,"214,228",13269,13269,NS93_63,34,PR001,1554707515,1554706616
816,894,6172,"371,411",18122,18122,NS93_14,33,6172,1554951441,1554950844
817,868,6674,"496,522",12569,12569,NS93_63,34,6674,1554920467,1554919527
818,885,S1027,39,9612T,9612T,NS92_82,33,DIFF017,1554320989,1554318439
819,868,S1026,181,11281,11281,NS93_61,34,PR001,1554633041,1554631558
820,868,S1030,"275,289",378,378,NS93_63,34,PR001,1555020341,1555019636
821,868,6674,"478,489",11281,11281,NS93_61,34,6674,1554633041,1554631558
822,885,6172,334,9209,9209,NS92_82,33,6172,1554255265,1554254293
823,868,6674,568,13263,13263,NS93_63,34,6674,1554884290,1554883042
824,894,S1021,92,18125,18125,NS93_14,33,PR005,1554945831,1554944987
825,868,6674,527,1135,1135,NS93_63,34,6674,1554771752,1554771237
826,868,6243,622,11476,11476,NS93_61,34,6243,1554360248,1554359658
827,868,6243,660,10677,10677,NS93_61,34,6243,1554329824,1554328781
828,894,S1021,72,18821,18821,NS93_14,33,PR005,1555062335,1555061103
829,894,6172,"314,346,425",18318,18318,NS93_14,33,6172,1554984166,1554978481
830,868,6674,"530,544",13368,13368,NS93_63,34,6674,1554701502,1554700701
831,868,S1030,"276,278",12284,12284,NS93_63,34,PR001,1555006862,1555005530
832,868,S1026,"213,224",10982,10982,NS93_61,34,PR001,1554621166,1554619777
833,885,S1027,12,9413,9413,NS92_82,33,DIFF017,1554882184,1554286750
834,894,6172,452,18125,18125,NS93_14,33,6172,1554945831,1554944987
835,868,6243,618,12364,12364,NS93_63,34,6243,1555098068,1555097186
836,894,S1021,81,19021T,19021T,NS93_14,33,PR005,1555088311,1555085609
837,885,S1027,35,9318,9318,NS92_82,33,DIFF017,1554236675,1554235619
838,886,S1027,"101,114,141",9317T,9317T,NN93_12,33,PR005,1554729028,1554724291
839,868,S1030,270,12174,12174,NS93_63,34,PR001,1555134514,1555133807
840,868,6674,505,11378,11378,NS93_61,34,6674,1554650003,1554649256
841,894,S1021,74,18922,18922,NS93_14,33,PR005,1555069483,1555069063
842,885,6172,310,9409,9409,NS92_82,33,6172,1554281689,1554280654
843,894,S1021,"62,64",18722,18722,NS93_14,33,PR005,1555048807,1555047615
844,894,6172,414,18922,18922,NS93_14,33,6172,1555069483,1555069063
845,868,6674,"538,593",12470,12470,NS93_63,34,6674,1554934796,1554933986
846,894,6172,"417,440",17826,17826,NS93_14,33,6172,1555178153,1555177435
847,868,S1026,"202,216",13066,13066,NS93_63,34,PR001,1554725093,1554723774
848,868,S1030,277,1140,1140,NS93_63,34,PR001,1555039308,1555038702
849,894,6172,366,17921,17921,NS93_14,33,6172,1555155819,1555154373
850,868,6243,"614,666",10878,10878,NS93_61,34,6243,1554313849,1554312883
851,894,6172,"362,435",18419,18419,NS93_14,33,6172,1555013320,1555011622
852,868,6243,622,11576,11576,NS93_61,34,6243,1554359459,1554358855
853,868,6674,"472,599",12473,12473,NS93_63,34,6674,1554942398,1554941145
854,868,S1026,188,11279,11279,NS93_61,34,PR001,1554629241,1554628227
855,894,6172,411,18121,18121,NS93_14,33,6172,1554952609,1554951661
856,886,S1027,160,10709,10709,NN93_12,33,PR005,1554691763,1554689668
857,894,6172,"425,428",18320,18320,NS93_14,33,6172,1554987884,1554986687
858,868,6243,625,12861,12861,NS93_63,34,6243,1555049641,1555049009
859,885,S1027,3,9316,9316,NS92_82,33,DIFF017,1554234295,1554233595
860,868,6243,673,11177,11177,NS93_61,34,6243,1554336890,1554336047
861,868,6674,582,11778,11778,NS93_61,34,6674,1554657061,1554655951
862,868,S1026,205,11577,11577,NS93_61,34,PR001,1554659961,1554659401
863,894,6172,366,17922,17922,NS93_14,33,6172,1555154141,1555153290
864,868,6674,"591,601",12964,12964,NS93_63,34,6674,1554744524,1554743889
865,894,6172,"422,464",18719,18719,NS93_14,33,6172,1555053299,1555051839
866,868,S1030,262,12075,12075,NS93_63,34,PR001,1555172431,1555171421
867,886,S1027,139,11008,11008,NN93_12,33,PR005,1554539876,1554537839
868,868,S1030,270,12173,12173,NS93_63,34,PR001,1555133379,1555132469
869,894,S1021,"82,90",18022,18022,NS93_14,33,PR005,1554937556,1554936836
870,868,6674,601,12863,12863,NS93_63,34,6674,1554745821,1554745194
871,868,6674,"584,595",11379,11379,NS93_61,34,6674,1554639697,1554638599
872,868,6674,535,10881,10881,NS93_61,34,6674,1554612575,1554611289
873,868,6243,625,12960,12960,NS93_63,34,6243,1555048737,1555048264
874,886,S1027,142,10313,10313,NN93_12,33,PR005,1554607451,1554606029
875,894,6172,406,17729,17729,NS93_14,33,6172,1555213125,1555211852
876,894,6172,"337,453",18918,18918,NS93_14,33,6172,1555081604,1555079462
877,868,S1030,282,12760,12760,NS93_63,34,PR001,1555058050,1555057269
878,886,6172,460,1148,1148,NN93_12,33,6172,1554923285,1554915191
879,886,S1027,"107,167",9518,9518,NN93_12,33,PR005,1554574426,1554573107
880,868,6674,474,11082,11082,NS93_61,34,6674,1554623015,1554621541
881,868,S1026,"220,236",11678TRD,11678TRD,NS93_61,34,PR001,1554653426,1554652296
882,868,6243,636,10774,10774,NS93_61,34,6243,1554388946,1554387776
883,868,S1026,203,12664,12664,NS93_63,34,PR001,1554767707,1554767128
884,868,S1030,267,12168,12168,NS93_63,34,PR001,1555127409,1555126578
885,868,6674,569,1130,1130,NS93_63,34,6674,1554788518,1554787333
886,886,6673,302,10414,10414,NN93_12,33,6673,1554520719,1554520152
887,868,6674,595,11479,11479,NS93_61,34,6674,1554641110,1554639944
888,868,6243,"683,689",11265T,11265T,NS93_61,34,6243,1554458239,1554456029
889,868,S1030,287,2282,2282,NS93_63,34,PR001,1555053262,1555052530
890,868,S1030,279,13161,13161,NS93_63,34,PR001,1555028546,1555027797
891,886,S1021,"83,95",402,402,NN93_12,33,PR005,1554927313,1554925999
892,894,6172,391,18523,18523,NS93_14,33,6172,1555021380,1555020073
893,885,S1027,"11,28",9312,9312,NS92_82,33,DIFF017,1554271376,1554270214
894,868,6243,"640,661",10478,10478,NS93_61,34,6243,1554306625,1554305100
895,885,6172,365,9317,9317,NS92_82,33,6172,1554233349,1554232425
896,868,6674,"476,561",13162,13162,NS93_63,34,6674,1554888865,1554887851
897,868,6243,670,12762,12762,NS93_63,34,6243,1555050306,1555049933
898,894,6172,"405,410",18118,18118,NS93_14,33,6172,1554958800,1554956417
899,868,S1026,180,12866,12866,NS93_63,34,PR001,1554751055,1554750325
900,868,S1030,291,12960,12960,NS93_63,34,PR001,1555048737,1555048264
901,868,6674,"478,487",11279,11279,NS93_61,34,6674,1554629241,1554628227
902,886,S1027,"53,109",10015,10015,NN93_12,33,PR005,1554563516,1554562645
903,885,S1027,33,9610,9610,NS92_82,33,DIFF017,1554316837,1554315559
904,868,S1030,281,12861,12861,NS93_63,34,PR001,1555049641,1555049009
905,868,6674,493,13266,13266,NS93_63,34,6674,1554793190,1554792083
906,894,6172,403,18621,18621,NS93_14,33,6172,1555038510,1555037977
907,894,S1021,57,18321,18321,NS93_14,33,PR005,1554990374,1554988090
908,885,6172,"46,316",9606,9606,NS92_82,33,6172,1554308091,1554306913
909,868,6674,498,12970R,12970R,NS93_63,34,6674,1554735376,1554734453
910,868,S1030,287,12959,12959,NS93_63,34,PR001,1555054148,1555053520
911,868,6243,634,12165,12165,NS93_63,34,6243,1555123552,1555122754
912,868,6243,704,11076,11076,NS93_61,34,6243,1554364126,1554363256
913,868,S1026,232,11877,11877,NS93_61,34,PR001,1554663162,1554662085
914,894,S1021,59,18423,18423,NS93_14,33,PR005,1555000681,1555000036
915,868,6243,681,11071,11071,NS93_61,34,6243,1554433719,1554432729
916,868,6243,713,11470,11470,NS93_61,34,6243,1554445800,1554444578
917,868,S1030,"280,292",12279,12279,NS93_63,34,PR001,1554999254,1554997922
918,886,S1027,157,11106,11106,NN93_12,33,PR005,1554751612,1554750134
919,868,S1026,"211,226",353R,353R,NS93_63,34,PR001,1554678252,1554677055
920,868,6243,670,2282,2282,NS93_63,34,6243,1555053262,1555052530
921,885,S1027,28,9311,9311,NS92_82,33,DIFF017,1554269991,1554268596
922,868,S1026,187,13366,13366,NS93_63,34,PR001,1554698970,1554697910
923,868,6243,685,12562,12562,NS93_63,34,6243,1555095430,1555094625
924,868,S1026,"179,197",12768,12768,NS93_63,34,PR001,1554893708,1554760131
925,868,S1030,293,12365,12365,NS93_63,34,PR001,1555065156,1555064380
926,868,6674,533,353R,353R,NS93_63,34,6674,1554678252,1554677055
927,868,6243,702,11670,11670,NS93_61,34,6243,1554448773,1554447725
928,868,6243,662,12169,12169,NS93_63,34,6243,1555128459,1555127730
929,868,S1030,290,12961,12961,NS93_63,34,PR001,1555044829,1555044021
930,868,S1026,196,12970R,12970R,NS93_63,34,PR001,1554735376,1554734453
931,868,S1030,259,12171,12171,NS93_63,34,PR001,1555130574,1555129901
932,886,S1027,142,10114,10114,NN93_12,33,PR005,1554609534,1554609015
933,868,6674,"506,517",12768,12768,NS93_63,34,6674,1554893708,1554760131
934,868,6243,651,13061,13061,NS93_63,34,6243,1555041204,1555040836
935,886,S1027,"126,160",10609,10609,NN93_12,33,PR005,1554694753,1554691974
936,886,6673,298,10613,10613,NN93_12,33,6673,1554518757,1554517236
937,868,S1026,189,2268,2268,NS93_63,34,PR001,1554682916,1554682111
938,885,6172,432,9516,9516,NS92_82,33,6172,1554245153,1554243889
939,894,6172,451,17722,17722,NS93_14,33,6172,1555219587,1555218700
940,868,S1026,"241,245",11868,11868,NS93_61,34,PR001,1554573765,1554572742
941,868,6674,527,375R,375R,NS93_63,34,6674,1554771040,1554770398
942,885,6172,385,9311,9311,NS92_82,33,6172,1554269991,1554268596
943,868,6243,653,12959,12959,NS93_63,34,6243,1555054148,1555053520
944,868,S1026,208,13169,13169,NS93_63,34,PR001,1554716109,1554715165
945,868,6674,544,13369,13369,NS93_63,34,6674,1554702691,1554701892
946,885,6172,335,9207,9207,NS92_82,33,6172,1554252656,1554251624
947,868,6674,538,12469,12469,NS93_63,34,6674,1554933110,1554932301
948,868,6674,540,2275,2275,NS93_63,34,6674,1554879934,1554878687
949,868,6674,"573,588",13164,13164,NS93_63,34,6674,1554809673,1554808535
950,868,6243,"618,685",12463,12463,NS93_63,34,6243,1555096697,1555095875
951,868,S1026,228,13268,13268,NS93_63,34,PR001,1554706130,1554704859
952,868,S1026,192,2271,2271,NS93_63,34,PR001,1554803831,1554802523
953,868,6243,"608,623",12284,12284,NS93_63,34,6243,1555006862,1555005530
954,894,6172,444,17919,17919,NS93_14,33,6172,1555159687,1555157619
955,868,6674,571,11869,11869,NS93_61,34,6674,1554562780,1554561748
956,894,S1021,58,18520,18520,NS93_14,33,PR005,1555026249,1555023870
957,885,S1027,"14,19",9208,9208,NS92_82,33,DIFF017,1554254079,1554253099
958,894,6172,309,18126,18126,NS93_14,33,6172,1554943990,1554943766
959,868,6243,"636,701",10874,10874,NS93_61,34,6243,1554390393,1554389400
